Workbook

Sheet Overview
A1: AI Solution Architecture Advisor POC — Team Task Split
A2: Sprint: Tue 6 Oct → Fri 9 Oct 2026 (demo Friday). Base: existing advisor-poc boilerplate (ADK, mock/Gemini/Ollama) + Updated Requirements doc.
A3: Goal for Friday: all 4 requirement scenarios (A–D) run end to end with the full agent set, brief confirmation, review/rework, dynamic score, human override, and DOCX/PDF export.
A5: Role | B5: Responsibility | C5: Tasks | D5: Est. hrs | E5: Done | F5: Blocked | G5: % done (hrs)
A6: R1 | B6: Agent Engineer – Orchestration & Selection (tech lead) | C6: =COUNTIF('Task Plan'!$F$2:$F$36,A6) -> 7 | D6: =SUMIF('Task Plan'!$F$2:$F$36,A6,'Task Plan'!$L$2:$L$36) -> 23 | E6: =COUNTIFS('Task Plan'!$F$2:$F$36,A6,'Task Plan'!$M$2:$M$36,"Done") -> 0 | F6: =COUNTIFS('Task Plan'!$F$2:$F$36,A6,'Task Plan'!$M$2:$M$36,"Blocked") -> 0 | G6: =IF(D6=0,0,SUMIFS('Task Plan'!$L$2:$L$36,'Task Plan'!$F$2:$F$36,A6,'Task Plan'!$M$2:$M$36,"Done")/D6) -> 0
A7: R2 | B7: Agent Engineer – Specialist Agents & Prompts | C7: =COUNTIF('Task Plan'!$F$2:$F$36,A7) -> 11 | D7: =SUMIF('Task Plan'!$F$2:$F$36,A7,'Task Plan'!$L$2:$L$36) -> 23 | E7: =COUNTIFS('Task Plan'!$F$2:$F$36,A7,'Task Plan'!$M$2:$M$36,"Done") -> 0 | F7: =COUNTIFS('Task Plan'!$F$2:$F$36,A7,'Task Plan'!$M$2:$M$36,"Blocked") -> 0 | G7: =IF(D7=0,0,SUMIFS('Task Plan'!$L$2:$L$36,'Task Plan'!$F$2:$F$36,A7,'Task Plan'!$M$2:$M$36,"Done")/D7) -> 0
A8: R3 | B8: Backend Dev – Reviewer, Scoring, Report & Audit | C8: =COUNTIF('Task Plan'!$F$2:$F$36,A8) -> 7 | D8: =SUMIF('Task Plan'!$F$2:$F$36,A8,'Task Plan'!$L$2:$L$36) -> 22 | E8: =COUNTIFS('Task Plan'!$F$2:$F$36,A8,'Task Plan'!$M$2:$M$36,"Done") -> 0 | F8: =COUNTIFS('Task Plan'!$F$2:$F$36,A8,'Task Plan'!$M$2:$M$36,"Blocked") -> 0 | G8: =IF(D8=0,0,SUMIFS('Task Plan'!$L$2:$L$36,'Task Plan'!$F$2:$F$36,A8,'Task Plan'!$M$2:$M$36,"Done")/D8) -> 0
A9: R4 | B9: QA / Test & Demo Engineer | C9: =COUNTIF('Task Plan'!$F$2:$F$36,A9) -> 8 | D9: =SUMIF('Task Plan'!$F$2:$F$36,A9,'Task Plan'!$L$2:$L$36) -> 19.5 | E9: =COUNTIFS('Task Plan'!$F$2:$F$36,A9,'Task Plan'!$M$2:$M$36,"Done") -> 0 | F9: =COUNTIFS('Task Plan'!$F$2:$F$36,A9,'Task Plan'!$M$2:$M$36,"Blocked") -> 0 | G9: =IF(D9=0,0,SUMIFS('Task Plan'!$L$2:$L$36,'Task Plan'!$F$2:$F$36,A9,'Task Plan'!$M$2:$M$36,"Done")/D9) -> 0
A10: All | B10: Whole team (kick-off, demo) | C10: =COUNTIF('Task Plan'!$F$2:$F$36,A10) -> 2 | D10: =SUMIF('Task Plan'!$F$2:$F$36,A10,'Task Plan'!$L$2:$L$36) -> 2.5 | E10: =COUNTIFS('Task Plan'!$F$2:$F$36,A10,'Task Plan'!$M$2:$M$36,"Done") -> 0 | F10: =COUNTIFS('Task Plan'!$F$2:$F$36,A10,'Task Plan'!$M$2:$M$36,"Blocked") -> 0 | G10: =IF(D10=0,0,SUMIFS('Task Plan'!$L$2:$L$36,'Task Plan'!$F$2:$F$36,A10,'Task Plan'!$M$2:$M$36,"Done")/D10) -> 0
A11: Total | C11: =SUM(C6:C10) -> 35 | D11: =SUM(D6:D10) -> 90 | E11: =SUM(E6:E10) -> 0 | F11: =SUM(F6:F10) -> 0 | G11: =IF(D11=0,0,SUMIFS('Task Plan'!$L$2:$L$36,'Task Plan'!$M$2:$M$36,"Done")/D11) -> 0
A12: Hours per person assume ~6 focused hrs/day Tue–Thu plus Friday for merge, fixes and demo.
A14: Key dates
A15: Tue | B15: Kick-off 11:00; set-up; agent names agreed; baseline run + test matrix
A16: Wed | B16: Core build: selector gating, new agents + mocks, reviewer, scoring, audit log. EOD: `pytest` green in mock mode
A17: Thu | B17: Brief confirmation, override, report diagram/risks, export, prompt tuning, real-model regression
A18: Fri | B18: 12:00 code freeze → bug fixes → 15:00 dry run → demo
A20: Already in boilerplate
B21: Analyzer + clarifying questions, rule-based selector (8 agents), parallel specialists, reviewer with rework cap + escalation, scoring, catalogue guard, Markdown report, SQLite run log, .txt/.pdf/.docx intake, 12 tests.
A23: Deferred (after Friday)
B24: • Role-based access + access-controlled sharing of recommendations (NFR-4, sharing part of US-8)
B25: • Web form UI for structured intake (CLI/JSON form only this week)
B26: • Separate Networking, API, Mobile-architecture and Data-Engineering agents (covered by existing agents for now)
B27: • Deployment to Cloud Run / Vertex AI
A29: How to use
B30: • Fill the yellow 'Assignee (name)' column on Task Plan with each person's name.
B31: • Update 'Status' daily from the dropdown; this page's counts and % update automatically.
B32: • Priority: P0 = must have for Friday demo, P1 = should have, P2 = nice to have (drop first if behind).

Sheet Task Plan
A1: ID | B1: Workstream | C1: Task | D1: Details / Done when | E1: Req. refs | F1: Owner | G1: Owner role | H1: Files | I1: Depends on | J1: Priority | K1: Day | L1: Est. hrs | M1: Status | N1: Assignee (name) | O1: Notes
A2: T01 | B2: Kick-off | C2: Kick-off & environment setup | D2: Walk through the boilerplate; everyone runs `pytest` and `scripts/run.py --all` in mock mode, sets a Gemini key in .env. Agree new agent names (accessibility, reliability, cost, devops, evaluation) so R1/R2 can work in parallel. | E2: — | F2: All | G2: =IFERROR(VLOOKUP(F2,Overview!$A$6:$B$10,2,FALSE()),"") -> Whole team (kick-off, demo) | H2: .env, README.md | I2: — | J2: P0 | K2: Tue | L2: 1 | M2: Not started
A3: T02 | B3: Orchestration & Selection | C3: Analyzer: add applicability flags + better multi-domain classification | D3: Add `reliability_required`, `cost_relevant`, `accessibility_relevant` to AnalyzerOutput; prompt detects combined domains (e.g. full-stack + cloud). Done when the 5 inputs in Req §8 classify as listed. | E3: FR-2.1–2.3 | F3: R1 | G3: =IFERROR(VLOOKUP(F3,Overview!$A$6:$B$10,2,FALSE()),"") -> Agent Engineer – Orchestration & Selection (tech lead) | H3: agents/analyzer.py, schemas.py, prompts.py | I3: T01 | J3: P0 | K3: Tue | L3: 3 | M3: Not started
A4: T03 | B4: Orchestration & Selection | C4: Selector: register new specialists and gate them | D4: Add new agents to SPECIALISTS / DOMAIN_RULES; reliability + cost only when flags/cloud say so; accessibility for frontend/mobile; evaluation for aiml. Frontend-only must NOT activate cloud, reliability or cost. | E4: FR-3.1, FR-3.4, FR-6.1–6.4, US-3 | F4: R1 | G4: =IFERROR(VLOOKUP(F4,Overview!$A$6:$B$10,2,FALSE()),"") -> Agent Engineer – Orchestration & Selection (tech lead) | H4: selector.py | I4: T02 | J4: P0 | K4: Wed | L4: 4 | M4: Not started
A5: T04 | B5: Orchestration & Selection | C5: Brief confirmation step before design | D5: After analysis, show the structured brief and pause; user replies 'confirm' or corrections; specialists run only after confirmation (session-state flag). Mock test must still pass. | E5: FR-1.4, US-1 | F5: R1 | G5: =IFERROR(VLOOKUP(F5,Overview!$A$6:$B$10,2,FALSE()),"") -> Agent Engineer – Orchestration & Selection (tech lead) | H5: orchestrator.py | I5: T02 | J5: P0 | K5: Wed | L5: 4 | M5: Not started
A6: T05 | B6: Orchestration & Selection | C6: Human override of AI decision | D6: On APPROVED/ESCALATED result accept `override approve|rework: <reason>`; reason is mandatory; decision written to audit log and shown in report. | E6: US-7, FR-7.6 | F6: R1 | G6: =IFERROR(VLOOKUP(F6,Overview!$A$6:$B$10,2,FALSE()),"") -> Agent Engineer – Orchestration & Selection (tech lead) | H6: orchestrator.py, storage.py | I6: T13 | J6: P0 | K6: Thu | L6: 4 | M6: Not started
A7: T06 | B7: Orchestration & Selection | C7: Pass only relevant context to each specialist | D7: Slice the brief per agent (e.g. cost agent gets scale/budget, not UI pages) to reduce tokens and noise. | E7: FR-3.3 | F7: R1 | G7: =IFERROR(VLOOKUP(F7,Overview!$A$6:$B$10,2,FALSE()),"") -> Agent Engineer – Orchestration & Selection (tech lead) | H7: agents/specialists.py | I7: T03 | J7: P1 | K7: Thu | L7: 2 | M7: Not started
A8: T07 | B8: Orchestration & Selection | C8: Structured form intake | D8: Accept a JSON/YAML form (title, users, scale, constraints, compliance, budget) via `run.py --form`; convert to requirement text. Add a sample form under scenarios/. | E8: FR-1.1 | F8: R1 | G8: =IFERROR(VLOOKUP(F8,Overview!$A$6:$B$10,2,FALSE()),"") -> Agent Engineer – Orchestration & Selection (tech lead) | H8: intake.py, scripts/run.py | I8: T01 | J8: P2 | K8: Thu | L8: 3 | M8: Not started
A9: T08 | B9: Orchestration & Selection | C9: Integration, code review & merge | D9: Review all PRs, merge to main by Fri 12:00 code freeze, resolve conflicts in orchestrator/selector. | E9: — | F9: R1 | G9: =IFERROR(VLOOKUP(F9,Overview!$A$6:$B$10,2,FALSE()),"") -> Agent Engineer – Orchestration & Selection (tech lead) | H9: — | I9: T03–T22 | J9: P0 | K9: Fri | L9: 3 | M9: Not started
A10: T09 | B10: Specialist Agents | C10: Multi-cloud technology catalogue | D10: Add AWS and Azure categories (compute, data, security, AI) to catalogue.json; confirm catalogue.py check flags unknown tech. | E10: NFR-2, NFR-8, NFR-9 | F10: R2 | G10: =IFERROR(VLOOKUP(F10,Overview!$A$6:$B$10,2,FALSE()),"") -> Agent Engineer – Specialist Agents & Prompts | H10: data/catalogue.json, catalogue.py | I10: T01 | J10: P0 | K10: Tue | L10: 2 | M10: Not started
A11: T10 | B11: Specialist Agents | C11: Accessibility agent | D11: Focus text: WCAG 2.2 AA, keyboard nav, contrast, ARIA, axe-core/Lighthouse checks. | E11: §7.3, US-3 | F11: R2 | G11: =IFERROR(VLOOKUP(F11,Overview!$A$6:$B$10,2,FALSE()),"") -> Agent Engineer – Specialist Agents & Prompts | H11: prompts.py (SPECIALIST_FOCUS) | I11: T01 | J11: P0 | K11: Tue | L11: 1.5 | M11: Not started
A12: T11 | B12: Specialist Agents | C12: Reliability agent | D12: HA, fault tolerance, backup, DR, RTO/RPO — only meaningful when infra is in scope; say 'not applicable' otherwise. | E12: FR-6.2 | F12: R2 | G12: =IFERROR(VLOOKUP(F12,Overview!$A$6:$B$10,2,FALSE()),"") -> Agent Engineer – Specialist Agents & Prompts | H12: prompts.py | I12: T01 | J12: P0 | K12: Wed | L12: 1.5 | M12: Not started
A13: T12 | B13: Specialist Agents | C13: Cost agent | D13: Cost drivers, rough monthly estimate ranges, optimization levers; flag assumptions on pricing. | E13: FR-6.3, NFR-2 | F13: R2 | G13: =IFERROR(VLOOKUP(F13,Overview!$A$6:$B$10,2,FALSE()),"") -> Agent Engineer – Specialist Agents & Prompts | H13: prompts.py | I13: T01 | J13: P0 | K13: Wed | L13: 2 | M13: Not started
... A36: T35 | B36: Kick-off | C36: Friday demo | D36: Code freeze 12:00 → dry run 15:00 → demo. R1 presents architecture, R4 runs scenarios. | E36: — | F36: All | G36: =IFERROR(VLOOKUP(F36,Overview!$A$6:$B$10,2,FALSE()),"") -> Whole team (kick-off, demo) | H36: — | I36: T34 | J36: P0 | K36: Fri | L36: 1.5 | M36: Not started

Sheet Daily Plan
A1: Role | B1: Tue 6 Oct | C1: Wed 7 Oct | D1: Thu 8 Oct | E1: Fri 9 Oct
A2: R1 – Agent Engineer – Orchestration & Selection (tech lead) | B2: T01 Kick-off & environment setup (1h) T02 Analyzer: add applicability flags + better multi-domain classification (3h) | C2: T03 Selector: register new specialists and gate them (4h) T04 Brief confirmation step before design (4h) | D2: T05 Human override of AI decision (4h) T06 Pass only relevant context to each specialist (2h) T07 Structured form intake (3h) | E2: T08 Integration, code review & merge (3h) T35 Friday demo (1.5h)
A3: R2 – Agent Engineer – Specialist Agents & Prompts | B3: T01 Kick-off & environment setup (1h) T09 Multi-cloud technology catalogue (2h) T10 Accessibility agent (1.5h) | C3: T11 Reliability agent (1.5h) T12 Cost agent (2h) T13 Mock responses for new agents (2h) T14 DevOps/Delivery agent (1.5h) | D3: T15 Evaluation agent (AI solutions) (1.5h) T16 Security: compliance mapping (2h) T17 Prompt tuning with Gemini on all scenarios (4h) | E3: T18 Guardrails: scope & refusal (2h) T19 Bug fixes from QA run (3h) T35 Friday demo (1.5h)
A4: R3 – Backend Dev – Reviewer, Scoring, Report & Audit | B4: T01 Kick-off & environment setup (1h) | C4: T20 Reviewer: scope-fit & unnecessary-component checks (3h) T21 Dynamic quality score (3h) T22 Audit log completeness (3h) | D4: T23 Approval rules (2h) T24 Report: diagram + risk register (4h) T25 Export to DOCX and PDF (4h) | E4: T26 Bug fixes from QA run (3h) T35 Friday demo (1.5h)
A5: R4 – QA / Test & Demo Engineer | B5: T01 Kick-off & environment setup (1h) T27 Baseline run & gap log (2h) T28 Acceptance test matrix (3h) | C5: T29 New scenarios (1.5h) T30 Selector tests for all §8 rows (2h) | D5: T31 End-to-end mock tests (3h) T32 Real-model regression run (3h) | E5: T33 Override & export checks (2h) T34 Demo script & dry run (3h) T35 Friday demo (1.5h)

Sheet Req Coverage
A1: Requirement | B1: Current state in boilerplate | C1: Covered by tasks
A2: FR-1 Requirement intake | B2: Existing: text/PDF/DOCX + clarifying Qs | C2: T04, T07, T31
A3: FR-2 Classification | B3: Existing: domains + confidence | C3: T02, T30
A4: FR-3 Dynamic orchestration | B4: Existing: rule table, parallel run | C4: T03, T06
A5: FR-4 Solution design | B5: Existing: SpecialistOutput schema | C5: T17, T24
A6: FR-5 Security | B6: Existing: security focus | C6: T16
A7: FR-6 Perf / reliability / cost | B7: Partial: performance only | C7: T03, T11, T12
A8: FR-7 Review & rework | B8: Existing: cap + escalate | C8: T20, T23, T31
A9: §10 Approval criteria | B9: Partial | C9: T23
A10: §11 Recommendation package | B10: Partial: Markdown, no diagram/risk owner | C10: T24, T25
A11: §12 Dynamic quality score | B11: Partial: fewer dimensions | C11: T21
A12: NFR-1 Performance | B12: Not measured | C12: T27, T32
... A27: US-8 Export & share | B27: Markdown only | C27: T25, T33 (sharing deferred)
